RwMutex/PT/rwmutex-r10w10.pnml
IBM319/PT/IBM319.pnml
Parking/PT/parking_1_4.pnml
Referendum/PT/referendum-unfolded-50.pnml
Referendum/PT/referendum-unfolded-500.pnml
Referendum/PT/referendum-unfolded-20.pnml
Referendum/PT/referendum-unfolded-1000.pnml
Referendum/PT/referendum-unfolded-15.pnml
Referendum/PT/referendum-unfolded-200.pnml
Referendum/PT/referendum-unfolded-10.pnml
Referendum/PT/referendum-unfolded-100.pnml
DLCshifumi/PT/dlcsh_5_b.pnml
DLCshifumi/PT/dlcsh_6_b.pnml
DLCshifumi/PT/dlcsh_3_b.pnml
DLCshifumi/PT/dlcsh_2_b.pnml
DLCshifumi/PT/dlcsh_4_b.pnml
ResAllocation/PT/RAS-R-2.pnml
DLCflexbar/PT/dlcfbar_3_b.pnml
DLCflexbar/PT/dlcfbar_5_b.pnml
DLCflexbar/PT/dlcfbar_7_b.pnml
DLCflexbar/PT/dlcfbar_6_b.pnml
DLCflexbar/PT/dlcfbar_2_b.pnml
DLCflexbar/PT/dlcfbar_4_b.pnml
DLCflexbar/PT/dlcfbar_8_b.pnml
NeoElection/PT/neoelection-4.unf.pnml
NeoElection/PT/neoelection-3.unf.pnml
NeoElection/PT/neoelection-2.unf.pnml
NoC3x3/PT/noc3x3_4_b.pnml
NoC3x3/PT/noc3x3_1_b.pnml
NoC3x3/PT/noc3x3_7_b.pnml
NoC3x3/PT/noc3x3_8_b.pnml
CloudDeployment/PT/deploy_6_b.pnml
CloudDeployment/PT/deploy_3_b.pnml
CloudDeployment/PT/deploy_2_b.pnml
CloudDeployment/PT/deploy_5_b.pnml
CloudDeployment/PT/deploy_7_b.pnml
CloudDeployment/PT/deploy_4_b.pnml
IOTPpurchase/PT/IOTP_c1m1p1d1.pnml
AutoFlight/PT/afcs_24_b.pnml
AutoFlight/PT/afcs_05_b.pnml
AutoFlight/PT/afcs_04_b.pnml
AutoFlight/PT/afcs_03_a.pnml
AutoFlight/PT/afcs_48_b.pnml
AutoFlight/PT/afcs_03_b.pnml
AutoFlight/PT/afcs_12_b.pnml
AutoFlight/PT/afcs_96_b.pnml
AutoFlight/PT/afcs_06_b.pnml
AutoFlight/PT/afcs_01_b.pnml
AutoFlight/PT/afcs_02_b.pnml
AutoFlight/PT/afcs_01_a.pnml
AutoFlight/PT/afcs_02_a.pnml
CloudReconfiguration/PT/reconf_3_02.pnml
CloudReconfiguration/PT/reconf_3_01.pnml
CloudReconfiguration/PT/reconf_3_09.pnml
CloudReconfiguration/PT/reconf_3_20.pnml
CloudReconfiguration/PT/reconf_3_14.pnml
CloudReconfiguration/PT/reconf_3_18.pnml
CloudReconfiguration/PT/reconf_3_17.pnml
CloudReconfiguration/PT/reconf_3_08.pnml
CloudReconfiguration/PT/reconf_3_13.pnml
CloudReconfiguration/PT/reconf_3_07.pnml
CloudReconfiguration/PT/reconf_3_11.pnml
CloudReconfiguration/PT/reconf_4_02.pnml
CloudReconfiguration/PT/reconf_3_15.pnml
CloudReconfiguration/PT/reconf_3_19.pnml
CloudReconfiguration/PT/reconf_3_04.pnml
CloudReconfiguration/PT/reconf_3_16.pnml
CloudReconfiguration/PT/reconf_3_05.pnml
CloudReconfiguration/PT/reconf_3_06.pnml
CloudReconfiguration/PT/reconf_3_03.pnml
CloudReconfiguration/PT/reconf_4_01.pnml
CloudReconfiguration/PT/reconf_3_10.pnml
CloudReconfiguration/PT/reconf_3_12.pnml
Railroad/PT/railroad-020-pt.pnml
Railroad/PT/railroad-010-pt.pnml
Railroad/PT/railroad-005-pt.pnml
Peterson/PT/Peterson-4.pnml
Peterson/PT/Peterson-3.pnml
Peterson/PT/Peterson-2.pnml
ASLink/PT/aslink_06_b.pnml
ASLink/PT/aslink_02_b.pnml
ASLink/PT/aslink_07_b.pnml
ASLink/PT/aslink_05_b.pnml
ASLink/PT/aslink_08_b.pnml
ASLink/PT/aslink_04_b.pnml
ASLink/PT/aslink_10_b.pnml
ASLink/PT/aslink_09_b.pnml
ASLink/PT/aslink_03_b.pnml
DatabaseWithMutex/PT/database2UNFOLD.pnml
AirplaneLD/PT/AirplaneLD-pt-0020.pnml
AirplaneLD/PT/AirplaneLD-pt-0050.pnml
AirplaneLD/PT/AirplaneLD-pt-0010.pnml
AirplaneLD/PT/AirplaneLD-pt-0500.pnml
AirplaneLD/PT/AirplaneLD-pt-0100.pnml
AirplaneLD/PT/AirplaneLD-pt-4000.pnml
AirplaneLD/PT/AirplaneLD-pt-2000.pnml
AirplaneLD/PT/AirplaneLD-pt-0200.pnml
AirplaneLD/PT/AirplaneLD-pt-1000.pnml
SmartHome/PT/smhome_05.pnml
SmartHome/PT/smhome_15.pnml
SmartHome/PT/smhome_16.pnml
SmartHome/PT/smhome_14.pnml
SmartHome/PT/smhome_07.pnml
SmartHome/PT/smhome_12.pnml
SmartHome/PT/smhome_18.pnml
SmartHome/PT/smhome_11.pnml
SmartHome/PT/smhome_06.pnml
SmartHome/PT/smhome_10.pnml
SmartHome/PT/smhome_09.pnml
SmartHome/PT/smhome_04.pnml
SmartHome/PT/smhome_17.pnml
SmartHome/PT/smhome_13.pnml
SmartHome/PT/smhome_08.pnml
SmartHome/PT/smhome_19.pnml
IBM703/PT/IBM703.pnml
SharedMemory/PT/shared_memory-pt-5.pnml
DLCround/PT/dlcro_10_b.pnml
DLCround/PT/dlcro_06_b.pnml
DLCround/PT/dlcro_13_b.pnml
DLCround/PT/dlcro_08_b.pnml
DLCround/PT/dlcro_12_b.pnml
DLCround/PT/dlcro_11_b.pnml
DLCround/PT/dlcro_07_b.pnml
DLCround/PT/dlcro_09_b.pnml
DLCround/PT/dlcro_03_b.pnml
DLCround/PT/dlcro_05_b.pnml
DLCround/PT/dlcro_04_b.pnml
BART/PT/BART-040-unf.pnml
BART/PT/BART-050-unf.pnml
BART/PT/BART-030-unf.pnml
BART/PT/BART-020-unf.pnml
BART/PT/BART-002-unf.pnml
BART/PT/BART-060-unf.pnml
BART/PT/BART-010-unf.pnml
BART/PT/BART-005-unf.pnml
ERK/PT/erk-000001.pnml
NeoElection/PT/neoelection-7.unf.pnml
NeoElection/PT/neoelection-8.unf.pnml
NeoElection/PT/neoelection-5.unf.pnml
NeoElection/PT/neoelection-6.unf.pnml
Sudoku/PT/Sudoku-PT-B-N01.pnml
Sudoku/PT/Sudoku-PT-A-N01.pnml
Railroad/PT/railroad-050-pt.pnml
Railroad/PT/railroad-100-pt.pnml
Peterson/PT/Peterson-7.pnml
Peterson/PT/Peterson-6.pnml
Peterson/PT/Peterson-5.pnml
